"dc_title","dc_writer","writer_ip","dc_date"
"위산기 공부9일차.txt","시설노비충 ","122.254 ","05.08"
"g한전 현직 질문받음..","123 ","112.164 ","05.08"
"전기이론 질문받는다 ㄱㄱ","353 ","183.105 ","05.08"
"솔직히 다들 전쟁 났으면 좋겠지..?","ㅇㅇ ","49.171 ","05.08"
"지잡4년제 3학점이하인데 조언좀","ㅇㅇ ","59.23 ","05.08"
"어휴 좆소 갈거면 워라벨 포기해라","ㅇㅇ ","125.189 ","05.08"
"메이저 공기업다니는데 ㅆㅂ 인생 존나 허무해서 자살할거같다.","ㅇㅋ ","125.137 ","05.08"
"요즘 좆소 자리 넘친다","ㅇㅇ ","182.222 ","05.08"
"좆공 하는애 없냐? ","콩콩 "," ","05.08"
"호구마냥 예예 거리지 말고 할말 하고 살아라","ㅇㅇ ","223.62 ","05.08"
"요즘 좆소경쟁율 장난없음","ㅇㅇ ","223.62 ","05.08"
"군무원 어떠냐? 군무원 도전 할까함.","ㅇㅇ ","110.70 ","05.08"
"일해보면서 느낀건 자격증따서 시설가는게 좋다.","ㅇㅇ ","110.70 ","05.08"
"대학다니면서 돈만 안쪼들렸어도 참고다녔을듯","ㅇㅇ ","183.102 ","05.08"
"전기기사 실기 김대호가 좋음 아니면 다산에듀가 좋음??","ㅇㅇ ","27.113 ","05.08"
"시설애들 그릇이 작다고 느낀게","220.78 "," ","05.08"
"하 공뭔 준비한다고 휴학했는데 전기산기나따련다","ㅇㅇ ","183.102 ","05.08"
"전기기사정도 있으면 난 노력했다고 쳐준다","ㅇㅇ ","218.156 ","05.08"
"혹시 돈받고 백수 하는애들있냐 나처럼","ㅇㅇ ","223.62 ","05.08"
"구라인줄 알았는데 좆기필기만 6년 한 사람있더라","ㅇㅇ ","175.223 ","05.08"
"실기 합격자 발표 아직도 2주나 남았냐","ㅇㅇ ","119.71 ","05.08"
"26살 망한인생 공기업,공무원vs편입 ... 어디로 가야할까...?","ㅇㅇ ","211.198 ","05.08"
"야 씨발 전문대전기과졸업하고 취업할때 생기부 종합의견란 보냐?","지나가던재기 "," ","05.08"
"나랑같이자살할사람","ㅇㅇ ","223.62 ","05.08"
"좆소 면접 갔다왔는데 업무와 다르게 말함","ㅇㅇ ","175.223 ","05.08"
"좆소가 나라에 기여하는거 좀 알려줘","ㅇㅇ ","112.187 ","05.08"
"다산 폰으로도 들을 수 있음?","ㅇㅇ ","182.222 ","05.08"
"한전 면접 하 시발","ㅇㅇ ","223.62 ","05.08"
"생산직 힘듬?","ㅇㅇ ","114.200 ","05.08"
"시화공단에서 일하는데  차 너무막힌다","ㅇㅇ ","223.62 ","05.08"
"경력 걍 안써도 상관없겠지??","ㅇㅇ ","124.58 ","05.08"
"좆기따야된다고해서 땃는데 ㅈ도쓸모없다","ㅇㅇ ","218.156 ","05.08"
"학은제가 낫냐 학교 다시다니는게 낫냐","ㄸㄸ ","117.111 ","05.08"
"하 좆산기 실기 1일차인데 존나 막막하네","ㅋㅋ ","118.41 ","05.08"
"최악의 최악은 어떻게 살아야되냐","기리데레부루 ","121.186 ","05.08"
"31살이개새끼가 반말찍찍하는데 어쩌냐? 노바야 이새끼","무과금무극 ","180.66 ","05.08"
"어떻게하면 긍정적으로 살 수 있을까","ㅇㅇ ","175.223 ","05.08"
"공기업 지원하는 애들은 필기시험 주관식으로 보냐?","기사 ","110.70 ","05.08"
"나만큼 앰생은 없을듯","ㅇㅇ ","175.223 ","05.08"
"ncs가 뭐야?","기사 ","110.70 ","05.08"
"킹안공 현직 있어? 전공 잘보면 ncs 반타작만 해도 합격함?","ㅇㅇ ","183.90 ","05.08"
"공기업 블라인드 채용이니까 서류,면접때 경력사항 이런거 안물어보겠지?","ㅇㅇㅇ ","116.39 ","05.08"
"한국사 기출문제집 머사야되냐??","ㅇㅇ ","222.114 ","05.08"
"좆소도 10인이상만 가라.. 진짜 작은곳은 가지마","초보 ","119.196 ","05.08"
"경력 6개월+7개월+6개월 있는데","ㅇㅇㅇ ","116.39 ","05.08"
"흙수저는 시발 노력해도 흙수저다.","ㅇㅇ ","211.184 ","05.08"
"야이씨벌 왜 오픈카톡 링크 안올라가지냐","너어어 ","121.137 ","05.08"
"취준 준비 일 수 만큼 푸쉬업하는데","ㅇㅇ ","175.223 ","05.08"
"시설 이력서에 전기기사나 전산기 적냐?","기사 ","110.70 ","05.08"
"노바형 질문좀....","ㅇㅇ ","223.38 ","05.08"
"어버이날이라 부모님에게 백만원 드렸다","ㅇㅇ ","211.184 ","05.08"
"왜이렇게 인생이 재미가 없을까...","ㅇㅇㅇ ","116.39 ","05.08"
"공기업 서류 통과만 기능한데","ㅇㅇ ","175.223 ","05.08"
"낳음당한 내인생 시부럴...","ㅇㅇ ","223.62 ","05.08"
"직업추천좀","ㅇㅇ ","223.62 ","05.08"
"사우나 시설관리 빡세냐?","ㅇㅇ ","119.197 ","05.08"
"경력 안되는 일 하느니 차라리 빨리 나오는게 낫겠지??","ㄹㄹㄹ ","116.39 ","05.08"
"고민좀 들어주실분","353 ","183.105 ","05.08"
"형들 나  좆소 다니는 지잡인데","ㄷㄷ ","218.145 ","05.08"
"[컴활 액세스] 질문","ㅇㅇ ","121.149 ","05.08"
"취준생 멘탈관리 어케함?","ㅇㅇ ","175.223 ","05.08"
"후 kps이번에 전공 60점 맞음 ㅡㅡ ㅅㅂ","기술사를향하여 ","175.223 ","05.08"
"시설쌍놈 67세 청소아줌마랑 ㅅㅅ했다..","ㅇㅇ ","39.7 ","05.08"
"형들 질문있어요","ㅇㅇ ","223.38 ","05.08"
"초봉 3500이상인 좆소도 잇냐ㄷㄷ","ㅇㅇ ","211.51 ","05.08"
"작년인가? 코레일 좆기직만 7000명 지원했었다","ㅇㅇ ","39.7 ","05.08"
"시설도 채용예정자 있냐?","-^^- ","119.196 ","05.08"
"식품 물류센터 일해본 사람 있냐?","ㅎ2 ","210.99 ","05.08"
"도대체 인재정보에 저렇게 인재들이 많은대","asd ","121.200 ","05.08"
"공부하다가 취업관련 정보 찾다보면 공부의욕상실함","ㅇㅇ ","175.223 ","05.08"
"191 떨어지더라도 포기하지마라","12 ","110.70 ","05.08"
"취업안되서 아프리카 용병으로 간다","ㅇㅇ ","175.223 ","05.08"
"하 ncs 공부하다가 현타왓다","ㅇㅇ ","175.223 ","05.08"
"심리상담사1급 이거 따면 도움되냐","ㅇㅇ ","115.40 ","05.08"
"빛종인은 씨부럴","ㅇㅇ ","183.102 ","05.08"
"하 씨발 근로장려금 75000원은 뭐냐. 이거 처받을라고 4달을기다리노","ㅇㅇ ","221.151 ","05.08"
"좆됬네 요즘 취업 장난아니게 어렵네 ㅡㅡ","asd ","121.200 ","05.08"
"니네 좆기인강 들을때 노트에 강의내용 다 필기해두냐?","ㅇㅇ ","1.214 ","05.08"
"난 과정평가혐 대찬성임","ㅂㅈㄷ ","110.70 ","05.08"
"야 씨발 전문대전기과졸업하고 취업할때 생기부 종합의견란 보냐?","지나가던재기 "," ","05.08"
"필기 이론 듣고 뒤에 문제 하나도 못풀겠는데 개빡대갈임?","ㅇㅇ ","110.8 ","05.08"
"근로장려금받는 가난뱅이 자붕이있냐","ㅇㅇ ","223.33 ","05.08"
"전기산업기사 필기 이번 처음 도전인데","ㅇㅇ ","211.209 ","05.08"
"지락이면 땅이랑 단락이냐","121.161 ","121.161 ","05.08"
"왜 빛종인 빛종인 하는지 알겠다","ㅇㅇ ","58.121 ","05.08"
"다음생애는 미국에서 태어나고 싶다.","89년생인생망함 ","183.109 ","05.08"
"기사랑 산업기사 대우는 차이나도","ㅇㅐ ","223.33 ","05.08"
"요즘 보이스피싱 전화 ㅈㄴ 오더라 니들도 조심해라","ㅇㅇ ","61.84 ","05.08"
"공공기관 시설충인데 민원 쿠사리 먹음","ㅇㅇ ","118.33 ","05.08"
"28살 컴활1급, 한국사 2개로 좆소 가능?","ㅇㅇ ","223.62 ","05.08"
"본인 10개월동안 딴 자격증 ㅁㅌㅊ임?","ㅇㅇ ","222.101 ","05.08"
"엑세스배워봣고 컴활2급은 잇는데 1급 오래걸림??","ㅇㅇ ","121.160 ","05.08"
"야 근데 내년에 전기 기술기준 바뀌지 않냐","양금모띠 "," ","05.08"
"작년에 사무자동화산업기사 실기 실격당함 ㅋㅋ","ㅇㅅㅇ ","117.111 ","05.08"
"설계쪽은 어떠냐 힘드냐?","ㅇㅇ ","119.197 ","05.08"
"궁금한게 잇다.","dd ","183.109 ","05.08"
"기만자새끼들 글 리젠봐라","ㅇㅇ ","223.62 ","05.08"
"컴활1급실기  인강어케함","코코로‡ "," ","05.08"
"집에서 카센타함 질문 받음","ㅇㅇ ","106.102 ","05.08"
"뉴코아아울렛 시설 할만하냐?","ㅇㅇ ","123.111 ","05.08"
"시설 새내기인데 나이먹어도 계속할 수 있냐?","ㅇㅇ ","1.252 ","05.08"
"중견 300명이상인데 청년내일체움공제 해달라하면 해줄까","ㅇㅇ ","210.123 ","05.08"
"좆기 시발 아 전기왜했지","ㅇㅇ ","1.252 ","05.08"
"기사 실기 문제 이거 맞는거야?","좆기 ","39.114 ","05.08"
"1억 모았는데 카페나 창업할까","ㅇㅇ ","223.39 ","05.08"
"인생망한 27살인데 좆기기능사 책 첨보거든?","ㅇㅇ ","211.227 ","05.08"
"과정평가형 반대카페입니다 같이 뭉쳐야 합니다!","과정평가 반대 ","36.38 ","05.08"
"직장은 딴거 필요없고 마음편한데가 최고야","ㅇㅇ ","180.64 ","05.08"
"2062월드컵이오기전에합격해야된다","취직씨발놈아 ","121.170 ","05.08"
"2회 기사 필기 기출문제랑 답안 다운 ㄱㄱ","ㅇㅇ ","121.140 ","05.08"
"산업안전산기 vs전기기능사","vv ","1.219 ","05.08"
"그런데 일반인들은 신용등급","ㅇㅇ ","14.50 ","05.08"
"과평 왜 욕함??과평나온 애가 일 더 잘하드만","ㅇㅇ ","106.102 ","05.08"
"후 컴활1 필기만 4수째 ㅜㅠ ","ㅇㅇ ","1.215 ","05.08"
"고졸 컴활1급, 한국사 있는데","ㅇㅇ ","223.62 ","05.08"
"나 컴활1급이랑 정보처리기사 있다","Edonkey ","175.223 ","05.08"
"여기왜이렇게분위기가 우울하냐","shs ","14.41 ","05.08"
"용역업체는 돈 더못받아?","vv ","1.219 ","05.08"
"성실하기가 너무 힘들지","ㅇㅇ ","125.135 ","05.08"
"기사갖곤 기능장못봄?","ㅇㅇ ","223.62 ","05.08"
"기능장  많이어렵냐","ㅇㅇ ","223.62 ","05.08"
"오늘 어버이날이구나 부모님 안부전화 한번씩 해드리자","ㅇㅇ ","211.250 ","05.08"
"전안공에서도 정신과 기록 열람하냐 혹시?","ㅇㅇ ","121.173 ","05.08"
"야 씨발 전문대전기과졸업하고 취업할때 생기부 종합의견란 보냐?","지나가던재기 "," ","05.08"
"너네들이 지금 배우는 한국사는 왜곡<U+2022>축소된 역사다..","ㅇㅇ ","106.255 ","05.08"
"기능사가어렵냐?","ㄱㄴㄷ ","1.228 ","05.08"
"기능사 시험은 상시로 시험 쳐야 되는거아니냐 ?","ㅇㅇ ","59.16 ","05.08"
"5월 접수하는 자격증 뭐 있냐?","ㅇㅇ ","175.215 ","05.08"
"2062월드컵이오기전에합격해야된다","취직씨발놈아 ","121.170 ","05.08"
"초딩지능되서평생살지만 45억자산가 vs 3천받고그냥살기","자계 ","58.78 ","05.08"
"초딩지능의 37살이 25억가지고있어도 부럽냐? ","자계 ","58.78 ","05.08"
"시설쌍놈vs노가다쌍놈","ㅇㅇ ","49.171 ","05.08"
"50억받고 50살에 제정신이든다면 할거냐?","올드보이 ","117.111 ","05.08"
"속보) 승강기(산업)기사 실기시험 작업형 폐지","00 ","14.54 ","05.08"
"220.78형님 궁금한거 있습니다","미래시설소장 "," ","05.08"
"위산기 8일차 공부.txt","시설노비충 ","122.254 ","05.08"
"시설 오랬는데 안갔다","ㅇㅇ ","117.111 ","05.08"
"교대근무 하지마라","ㅇㅇ ","175.223 ","05.08"
"근데 나는 안성실하다 ㅋㅋㅋ","31살개쓰친 ","117.111 ","05.08"
"시설에서 용역은 기피대상임?","vv ","1.216 ","05.08"
"시설중에 용역업체는 왜 가면안됨?","vv ","1.216 ","05.08"
