"dc_title","writer","dc_date"
"康惫焊促 橇尔胶啊 抗贱利捞绊 拳妨茄捞蜡啊 葛烙?  ","しし(183.97)  ","21:58"
"咯抚俊 咯模捞尔 磐虐啊绰单 弃爹唱捞橇 矛败具登衬  ","しし(183.107)  ","20:38"
"靛榜捞 福畴啊 唱摹何开寝促绊 福畴 锭妨棱狙促哥?  ","固墨郡05  ","19:57"
"关俊 何促其胶飘 臂焊绊 积阿抄 痢..[3]  ","ししし(1.212)  ","18:28"
"蜡反 绵备老沥 攫力码 唱棵鳖夸?[2]  ","しし(125.184)  ","16:05"
"何促其胶飘 具版[2]  ","巩技澜  ","12:43"
"咯青吝牢单 券啦 粮唱 坷福匙  ","しし(185.33)  ","10:15"
"笼俊 啊具瘤  ","海聪导(31.4)  ","10:09"
"趣矫 蜡反岸 陛荐历乐澜?[3]  ","しし(39.7)  ","04:10"
"聪窍坷啊 牢辆瞒喊捞扼绊 积阿窍匙[15]  ","しし(39.7)  ","04:05"
"俊电滚矾 3冠 瘤风窃?[1]  ","しし(223.62)  ","02:40"
"屈甸 9岿 捞呕府酒 朝揪 绢抖?[2]  ","しし(211.177)  ","01:54"
"橇扼窍 4老虏单[2]  ","ぇいじぁ(188.29)  ","00:24"
"老夯 坷虐唱客 啊夯霸捞 乐衬?[7]  ","%20しし(46.114)  ","05.07"
"康惫 刀老焊促 橇尔胶啊 咯己利捞绊 抗贱利牢 捞固瘤 碍茄 捞蜡啊 葛烙?[1]  ","しし(14.42)  ","05.07"
"屈 磊傈芭 鸥绊 蜡反捧绢吝牢单 粮唱 咯蜡酚促.[9]  ","%20しし(46.114)  ","05.07"
"郴老埃促  ","しし(59.22)  ","05.07"
"康惫捞 措康力惫捞看绢档 橇尔胶 公矫且荐绝均带捞蜡啊 葛烙?[1]  ","しし(59.7)  ","05.07"
"霉 蜡反咯青 酒促都扁 2老傈牢单 皑扁吧府绊 瘤饿 酒[7]  ","しし(122.47)  ","05.07"
"槛家绢纳秦具凳?[2]  ","しし(223.38)  ","05.07"
"老夯免惯 肺付in 颇府out  酒矫酒唱[3]  ","しし(223.39)  ","05.07"
"悼蜡反 22冠啊绰单[3]  ","しし(223.38)  ","05.07"
"胶困胶 酒聪搁 菩矾臂扼捞爹 げぉ??? 唱 救矫俊辑 窍妨绊窍绰单[2]  ","しし(223.38)  ","05.07"
"蜡反 澜侥 龙妨辑 胶矫 冈菌促[12]  ","海聪导(83.39)  ","05.07"
"官萍沫 馆老捧绢 俺糊揪匙[5]  ","GR2  ","05.07"
"8老捞搁 官福伎肺唱 弊扼唱促 技厚具 促 啊磊[2]  ","asd(167.219)  ","05.07"
"儡促福农 郡府磊海胶1技吝俊 穿啊歹 蜡疙窃?[1]  ","しし(14.42)  ","05.07"
"酒俊肺 敲肺飘 炼匙 さげ;[1]  ","付过家赤  ","05.07"
"妮固官捞蜡绢匙烙鞍篮 镑 [5]  ","しし  ","05.06"
"备臂绢胶肺 悼蜡反 给 荤绰 唱扼甸 沤规秦好绰单  ","しし(1.252)  ","05.06"
"具 蜡反吝俊  剧虐 锭 粱 救汞篮措 绝衬??[2]  ","しし(211.117)  ","05.06"
"橇扼窍 富牢单[4]  ","しし(125.137)  ","05.06"
"康惫捞 锰备籍级唱扼扼绊茄霸 橇尔胶牢甸烙?  ","しし(59.7)  ","05.06"
"颇府4冠 官福伎肺唱4冠 vs 颇府5冠 官伎3冠[7]  ","しし(211.217)  ","05.06"
"厚浚唱 背烹鼻 鞘荐烙??[2]  ","しし(112.173)  ","05.06"
"颇府3冠4老焊郴绊 肺付4冠5老乐阑芭鞍篮单[1]  ","しし(223.33)  ","05.06"
"唱捞冈澜 菩虐瘤啊 歹 祈窍促.  ","%20しし(62.155)  ","05.06"
"啊练咯青哎锭绰 咯青荤 菩虐瘤 惑前栏肺 啊绰霸 亮酒夸?[6]  ","しし(121.155)  ","05.06"
"胶其牢篮 哥磨沥档啊 利寸窍促绊航?[6]  ","しし(117.111)  ","05.06"
"茄惫抗荐里捞甸篮 恐捞矾衬[2]  ","しし(94.30)  ","05.06"
"喉扼叼->窍官酚胶农 4冠5老 110父盔捞搁 利寸茄啊夸?[4]  ","しし(211.36)  ","05.06"
"啊练咯青阑 促赤坷妨绰单 蜡反率阑 甸扁绊酵篮单 [6]  ","しし(211.36)  ","05.06"
"辑剧咯磊甸捞 巢磊鞍捞 积颁促绰捞蜡啊 葛烙?[2]  ","しし(125.142)  ","05.06"
"橇尔胶 颇府啊 蜡反狼 绊鞭胶矾框 快酒窃狼 惑隆捞等捞蜡啊 葛烙?[1]  ","しし(125.142)  ","05.06"
"矫埃捞 乐阑订 捣捞 绝绊[1]  ","しし(39.7)  ","05.06"
"捞呕府酒 茄崔咯青 内胶 芭狼 促 庐促...[15]  ","捞呕府酒(125.128)  ","05.05"
"拌裙楼绰 芭 积阿焊促 犁拐促  ","勒明_固  ","05.05"
"俺曹 萍南 抗距寝促  ","具捣  ","05.05"
"磊脚狼 ‘孺开荤’档 眶澜栏肺 铰拳矫挪 胶鸥绰?","款康磊","19.05.07"
"橇尔胶啊 蜡反俊辑 快酒窍绊 档档茄 空角巩拳啊 惯傈茄捞蜡啊 葛烙?[1]  ","しし(14.42)  ","05.05"
"败匡 橇尔胶 1崔抗沥牢单 绢锭??[3]  ","しし(211.36)  ","05.05"
"何魂惯 牢玫版蜡 喉扼叼青 且 锭 1矫埃 父俊 券铰啊瓷茄啊夸?[1]  ","しし(49.169)  ","05.05"
"橇尔胶啊 蜡反巩拳 康氢仿 臭篮捞蜡啊 葛烙?  ","しし(14.42)  ","05.05"
"郴啊 蜡反 艾阑锭 龋胶炮俊辑 酒魔 冈篮 版快绰..[1]  ","しいし(1.212)  ","05.05"
"康惫捞 蜡反狼 老夯烙?[1]  ","しし(14.42)  ","05.05"
"客 咯青 3老巢疽绰单[1]  ","しし(59.22)  ","05.05"
"橇尔胶绰 恐 促弗 蜡反唱扼客绰 促福霸 顶捞奴芭烙?[2]  ","しし(14.42)  ","05.05"
"酒老罚靛 拱啊 腹捞 厚窖啊夸[1]  ","しし(218.52)  ","05.05"
"酒揪 搁倾蝶具登唱[2]  ","しし(223.62)  ","05.05"
"丛甸 悼蜡反 咯青啊绰单 背烹祈 炼攫粱夸;;[9]  ","勒明_固  ","05.05"
"胶其牢 眠玫 档矫乐澜?[8]  ","しし(211.36)  ","05.05"
"繁带-鞠胶 敲腐胶滚胶[3]  ","しし(223.62)  ","05.05"
"康惫牢牢单 胶困胶绰 公利鼻 眠玫窃???[2]  ","しし(223.62)  ","05.05"
"炼侥篮 酒公府 饶扁啊 亮酒档 控瘤 脚没 救 窍霸 凳 [5]  ","しし(223.62)  ","05.05"
"橇尔胶绰 蜡反炉柄扼搁辑 恐 吝惫焊促 乐绢焊捞绰芭烙?[1]  ","しし(14.42)  ","05.05"
"康惫空角焊促 橇尔胶空角捞 背剧乐均带捞蜡啊 葛烙?  ","しし(14.42)  ","05.05"
"1崔 愁扁 且 镑 沥沁促[2]  ","しし(27.115)  ","05.05"
"辫摹侥 硅扯咯青 = 捧绢 力寇茄 葛电 俺牢咯青[1]  ","しし(213.30)  ","05.05"
"牢磐扼乃牢 荤恩?  ","秦窍  ","05.05"
"力措肺等 咯青捞 构辨贰 窍风10档 葛磊福促绊 窍衬ぇぇ[1]  ","しし(185.194)  ","05.05"
"捞傍拌 辆荤磊甸捞 捞惑茄 荤恩甸 腹衬?? 郴 局厚 楷备盔 捞菌绰单.[2]  ","固墨郡05  ","05.05"
"眉农墨靛绰 泅瘤俊辑 阜 救避鳃荐档乐绊 弊烦?? 脚侩墨靛俊 厚秦?[7]  ","しし(223.62)  ","05.05"
"捞力 蜡反 弊父 客具摆促[1]  ","海聪导(81.35)  ","05.04"
"咯青 3林俊 200绢纳积阿窃?[11]  ","しし(39.7)  ","05.04"
"唱弃府 乔磊笼 sorbillo 眠玫[1]  ","しし(39.7)  ","05.04"
"唱弃府绰 奴辨困林肺 促聪搁 宝满澜[4]  ","ぉしぉぉ(112.171)  ","05.04"
"康惫焊促 橇尔胶啊 蜡反鞍酒焊捞绰捞蜡啊 葛烙?[1]  ","しし(14.42)  ","05.04"
"唱弃府 乔磊啊 弊 浚幂厚 甸绢埃 粮唱 搂 乔磊 酒囱啊[1]  ","しし(175.223)  ","05.04"
"屈甸 荤弊扼促 颇剐府酒 己寸 抗距窍绰单[4]  ","しし(106.102)  ","05.04"
"官萍沫捧绢 馆老且瘤 傈老且瘤 凉扼绊刮达[4]  ","しし(39.122)  ","05.04"
"唱弃府 乔磊 冈栏矾 哎搏单 柳楼 困氰窍衬??[14]  ","しし(223.62)  ","05.04"
"鉴肥辨 7岿俊 啊具 杭 巴档 腹绊 绵力档 腹捞 窍带单  ","しし(175.125)  ","05.04"
"坷疵档 矾矫酒绰 娩....促...  ","龋捞绰笛府  ","05.04"
"绢恫捍脚捞 肺付 杭芭绝促沁衬[3]  ","单固辣  ","05.04"
"捞锅俊 刀老-坷胶飘-眉内-请啊府啊绰单夸[2]  ","倾楷窍疵  ","05.04"
"康惫牢甸篮 橇尔胶焊促 碍窍搁辑 恐 橇尔胶 巩拳 荤措寝澜?  ","しし(14.42)  ","05.04"
"悼剧焊促 蜡反捞 咯空甸捞 烹摹寝阑锭 肋等 纳捞胶 腹篮捞蜡啊 葛烙?  ","しし(59.7)  ","05.04"
"历 坷疵 捞呕府酒 啊绰单 疤 林瘤 付技夸;;  ","Zenki(80.187)  ","05.04"
"捞怕府 巢何 公挤瘤 臼衬?[7]  ","しし(218.255)  ","05.04"
"捞怕府 巢何 公挤促 炼缴秦扼[2]  ","しし(39.7)  ","05.04"
"悼剧焊促 蜡反捞 咯己牢鼻 臭酒焊捞绰捞蜡啊 葛烙?[4]  ","しし(59.7)  ","05.04"
"捞呕府酒 咯青 柳惫篮 巢何牢单 せせ[4]  ","しし(223.62)  ","05.04"
"捞怕府 巢何捧绢 控瘤 救缠府绰单 巢何绰 啊绊酵澜  ","しし(39.122)  ","05.03"
"辟单 捞呕府酒绰拳妨茄 捞固瘤绰 恐 橇尔胶焊促 叠妨焊捞绰芭烙?[2]  ","しし(59.7)  ","05.03"
"捞芭秦籍粱[3]  ","具捣  ","05.03"
"俊绢厚矩厚 客捞颇捞 酒捞叼 舅妨Z绰单 拳傀捞烙せせせ  ","具捣  ","05.03"
"刀老 肺胶配农 亮匙  ","Zenki(80.187)  ","05.03"
"寇惫俊辑 楼厘搁 荤冈绰单 湍 咐乐衬[5]  ","%20しし(46.114)  ","05.03"
"丛代 盔贰 槛家 抗距窍绰单 泅瘤搬力 腹酒夸?[2]  ","勒明_固  ","05.03"
"磊脚狼 ‘孺开荤’档 眶澜栏肺 铰拳矫挪 胶鸥绰?","款康磊","19.05.07"
"寇惫局甸档 某府绢 粮唱 刮皑秦 [4]  ","しし(5.170)  ","05.03"
"屈甸 官萍沫捧绢 诀眉粱 眠玫秦临荐乐绢??せせ[1]  ","GR2  ","05.03"
"坷胶橇府 硅扯 宝满澜??[4]  ","しし(58.121)  ","05.03"
"免惫窍扁傈俊 归拳痢俊辑 碱俏沁绰单  ","しし(223.62)  ","05.03"
"肺付 槛家 焊绊乐绰单 购啊 规甸捞 促 漂捞窍匙 [1]  ","しし(223.62)  ","05.03"
"眉农牢矫埃 给甸绢埃芭搁 噶茄芭衬[4]  ","しし(182.216)  ","05.03"
"坷胶橇府 某府绢 吝绊 或促!!![2]  ","しし(223.62)  ","05.03"
"付瘤阜朝 龋炮沁绰单[3]  ","付过家赤  ","05.03"
"槛冠厚 醚钦 74父码 甸均匙[8]  ","具捣  ","05.03"
"模涅抛饭甫 哎鳖 富鳖?[8]  ","单固辣  ","05.03"
"客 矫惯 蜡肺 券啦 量畴翠捞匙  ","具捣  ","05.03"
"聪胶3冠 颇府5冠 vs 聪胶4冠 颇府4冠 绊刮吝[5]  ","しし(39.122)  ","05.02"
"魔柜绰 茄惫牢阑 困茄 版绊巩[4]  ","しし(175.116)  ","05.02"
"模涅抛饭 啊具登唱ぬぬ[6]  ","GR2  ","05.02"
"具 悼蜡反 林犁盔栏肺 老窍矾吭绰单 愁[3]  ","00(217.145)  ","05.02"
"淬硅鞘锭 魔柜绰扒 茄惫牢 辆漂捞衬??[7]  ","しし(77.99)  ","05.02"
"蜡尔俊辑 具埃凯瞒 2牢铺 备沁绰单[6]  ","しし(124.51)  ","05.02"
"惫力 蜡胶龋胶炮刘 捞糕滚奖栏肺 罐酒辑 结档凳??  ","畴固匙公  ","05.02"
"蜡反 扁瞒 pdf 橇赴飘沁绰单 购富牢瘤 葛福摆澜[7]  ","しし(124.51)  ","05.02"
"剐扼畴 海聪胶 窍风究父 乐绢档 登畴[5]  ","しし(39.120)  ","05.02"
"蜡反咯青俊辑 冠拱包 鞘荐扼 积阿窍衬[10]  ","しし(117.111)  ","05.02"
"咯青俊 颊格矫拌 弊繁芭 鞘夸 绝阑临 舅疽绰单[1]  ","Zenki(83.185)  ","05.02"
"橇尔胶啊 辑蜡反俊辑 俩 惑隆己 碍茄捞蜡啊 葛烙?[2]  ","しし(59.7)  ","05.02"
"内福档官尔 弊扼唱促尔 厚搅茄 蠢肠捞扼绰 富捞 乐带单[1]  ","しし(39.7)  ","05.02"
"坷胶飘府酒尔 官捞俊弗捞尔 攫绢 鞍促绰单 恐 救钦闷阑部?[5]  ","踌滴厘焙∥  ","05.02"
"蜡反 亲傍鼻 龙巩捞尔 咯青瘤 龙巩粱..[4]  ","けいし(203.239)  ","05.02"
"秦寇绵备 包缴 绝绰单 弊贰档 埃辫俊 窍唱夯促搁[12]  ","しし(39.7)  ","05.02"
"霸窍俊辑 冀胶窍匙[1]  ","しし(185.33)  ","05.02"
"蜡反俊 茄巢 恐捞府 绝衬[10]  ","しし(185.33)  ","05.02"
"胶其牢 颇府 捞呕府酒 啊好绰单 促澜篮 绢叼哎瘤 眠玫粱[4]  ","asd(167.219)  ","05.02"
"荤柳阑 举裹栏肺 父甸绢 牢拳窍技夸.  ","しし(125.178)  ","05.02"
"富 救烹窍绰霸 构啊巩力具[1]  ","付过家赤  ","05.02"
"窃何福奴叼[2]  ","ぇいじぁ(195.167)  ","05.02"
"措切积 锭 茄 捞切斥锭 促赤吭绢具灯绰单[1]  ","しし(39.122)  ","05.01"
"酒 辟单 龋胶炮岿靛 じ鞍篮痢[1]  ","しし(117.111)  ","05.01"
"目乔汉绰促a丛 犁瞒 龙巩靛赋聪促[3]  ","しし(223.62)  ","05.01"
"悼青窍促 付澜俊 救靛绰 荤恩都绢郴绰 过[7]  ","%20しし(92.194)  ","05.01"
"丛甸 槛家 茄惫俊辑 促 搬力窍绊皑?[2]  ","しし(39.122)  ","05.01"
"鞭窍促 揪惯 50措 何魂酒犁 甸矾嘿绰促[10]  ","GR2  ","05.01"
"san gimignano[2]  ","しし(217.58)  ","05.01"
"胶其牢俊辑 扁撅唱绰芭 控瘤 技厚具观俊绝澜[3]  ","しし(39.122)  ","05.01"
"官福伎肺唱 器福捧 付靛府靛 吝俊 宝满篮单 坷叼??[2]  ","せい(61.77)  ","05.01"
"咯扁 岸捞 柳楼 俺久畴翠牢何盒. しぁぉし[9]  ","しし(175.223)  ","05.01"
"咯青啊辑 富 救 烹窍搁 快匡秦瘤瘤 臼酒?[8]  ","しし(175.223)  ","05.01"
"具埃凯瞒 迭洒 唱悔瘤绰 臼篮淀[2]  ","龋捞绰笛府  ","05.01"
"阁技扼飘vs瘤肺唱vs配荤单付福 眠玫粱[14]  ","付窍.  ","05.01"
"坷疵磊 海匙摹酒[3]  ","GR2  ","05.01"
"坷疵 酒距胶 捞辨淀  ","海聪导(31.4)  ","05.01"
"单府儒飘 父抄 戒  ","海聪导(31.4)  ","05.01"
"刀老 vs 捞呕府酒. 蹿饶?[5]  ","しし(223.38)  ","05.01"
"磊脚狼 ‘孺开荤’档 眶澜栏肺 铰拳矫挪 胶鸥绰?","款康磊","19.05.07"
"5岿吝鉴 繁带 腹捞 眠匡鳖?[1]  ","しし(124.50)  ","05.01"
"蜡反咯青 贸澜啊绰单 厘扁咯青且芭鞍澜  ","しし(223.33)  ","04.30"
"墨鸥福亲傍栏肺 档窍傍亲 芭媚啊搁 墨福炮茄抛 判府衬  ","具捣  ","04.30"
"酒 橇府固绢府弊 流包 粮唱糊技匙[2]  ","しし(221.142)  ","04.30"
"蜡反 历啊亲傍 荐窍拱眠啊窍聪鳖 喊肺救轿匙せせ[2]  ","しし(223.62)  ","04.30"
"厘芭府 咯青 梅啊航 矫瞒利览捞鄂霸 绢恫蠢肠烙?[8]  ","しし(211.36)  ","04.30"
"客 酒配乔 固摹摆促  ","しし(77.99)  ","04.30"
"老沥 奴撇 促技m绰单 澄凡茄瘤 毫林祭[11]  ","具捣  ","04.30"
"焊烹 蜡反府弊 陛配老俊父 窍唱夸?[3]  ","しし(211.36)  ","04.30"
"客 目乔汉绰促 骂氛青丛酒丛??[11]  ","しし(1.212)  ","04.30"
"焊烹 茄档矫俊 5老乐绰促 摹搁 拌加 鞍篮槛家肺窃?[6]  ","しし(211.36)  ","04.30"
"官福伎肺唱 萍南 备概秦焊脚盒??[3]  ","GR2  ","04.30"
"胶其牢 磊蜡咯青 啊夯 屈衬甸 乐澜?[4]  ","しし(210.178)  ","04.30"
"具惯..蜡反免厘 亲傍丰 凉扼厚轿[4]  ","しし(112.153)  ","04.30"
"胶傀掸 亮促[2]  ","Zenki(81.26)  ","04.30"
"具埃敲胶肺 槛家厚酒偿荐乐措辑 积阿茄扒单[13]  ","しし(223.38)  ","04.30"
"678繁带矫累栏肺咯青910鉴肥辨风飘绢抖?[1]  ","しし(223.38)  ","04.30"
"橇府固绢府弊 流包 郴啊捞秦茄霸 嘎唱?[9]  ","しし(1.218)  ","04.30"
"颇府鳖瘤 版蜡 1雀俊 空汗 70父盔措牢单 宝满唱夸?[2]  ","畴固匙公  ","04.30"
"海聪胶. 乔坊眉. 肺付 榴辨芭府 构啊 乐唱夸??[8]  ","GR2  ","04.30"
"龋胶炮 客捞颇捞 盔贰 粮唱 蠢府衬??[6]  ","秦窍  ","04.30"
"钧丛甸 趣矫 虐抗橇 ぱ 农扼捻橇 扁瞒肺 啊脚盒 乐谰聪兵[2]  ","龋捞绰笛府  ","04.30"
"7岿 蜡反啊绰单 扁瞒抗距 攫力 且荐乐澜?[3]  ","しし(175.223)  ","04.29"
"3岿富何磐 茄 崔埃 傈利  ","海聪导(31.4)  ","04.29"
"蜡反咯青 3林 版厚 捞沥档搁登妨唱?[2]  ","しし(221.142)  ","04.29"
"辑痢俊辑 历胶飘绊蜡反 混扼促啊 锭妨模捞蜡 せせせせ[2]  ","具捣  ","04.29"
"3崔 磊蜡咯青 且妨绊窍绰单 泅陛捞尔 墨靛盒硅 倔付究 窍唱夸??[8]  ","畴固匙公  ","04.29"
"去磊 蜡反咯青 11老瞒[3]  ","しし(213.205)  ","04.29"
"繁带 颇府 官福伎肺唱 肺付 内胶牢单 蜡饭老菩胶[6]  ","しし(117.111)  ","04.29"
"沥刀 窍绊 瘩臂甸 促矫绊 目乔丛 2瞒老沥 八配何殴靛妨夸[50]  ","具捣  ","04.29"
"繁带捞尔 颇府吝俊 绢叼啊歹亮疽澜?[8]  ","しし(223.38)  ","04.29"
"蜡反啊绰单 厚惑陛 倔付沥档矛辨鳖  ","しし(1.218)  ","04.29"
"蜡反霉咯青栏肺 农肺酒萍酒[2]  ","しし  ","04.29"
"蜡饭老菩胶 宝洒或匙 さげ[2]  ","NONAME  ","04.29"
"蜡反篮 咯青哎锭 版厚 倔付唱 靛唱夸坷[1]  ","しし(211.36)  ","04.29"
"骇扁俊 杭芭 量档绝促绰富捞 磊操 焊咯辑[5]  ","しし(223.38)  ","04.29"
"繁带俊辑 颇府哎锭 敲腐胶滚胶 vs 蜡肺胶鸥[15]  ","しし(1.218)  ","04.29"
"荤柳 割厘沥档 捣林绊 力措肺等芭 嘛绢崔扼窍绰扒 绝衬[3]  ","具捣  ","04.29"
"父距 蜡配乔酒啊 乐促搁 畴福傀捞老 芭扼绊甸 茄促[1]  ","绊惯磊  ","04.29"
"府克 芭福绊 颇府 官福伎肺唱 歹乐阑鳖[12]  ","しし(1.218)  ","04.29"
"辟单 俊绢厚矩厚绰 啊拜臭酒档 促亮篮扒酒聪匙  ","具捣  ","04.29"
"茄败匡俊 胶困胶绰 瞒扼府 救啊绰霸 炒唱夸?[2]  ","しし(223.62)  ","04.29"
"槛家 俊绢厚矩厚 埃促  ","具捣  ","04.29"
"胶其牢 > 捞呕府酒 > 刀老 风飘 绢抖??  ","しし(117.111)  ","04.29"
"胶困胶绰 酒公府毫档 漂捞窃  ","しし(211.36)  ","04.29"
"蜡反哎锭 促甸 瞒妨涝绊 啊?[5]  ","しし(211.36)  ","04.29"
"骇扁俊 啊辑 宏夫伎救啊档凳??[2]  ","しし(223.38)  ","04.29"
"茄崔 啊绰单 吝埃俊 窍风辆老 槛家俊 撇绢冠囚乐绰 朝 持绰芭 俊官烙?[7]  ","しし(223.38)  ","04.29"
"矾矫酒绰 娩....促...[3]  ","龋捞绰笛府  ","04.29"
"酒聪 浆何饭  ","ぇいじぁ(94.247)  ","04.29"
"磊脚狼 ‘孺开荤’档 眶澜栏肺 铰拳矫挪 胶鸥绰?","款康磊","19.05.07"
"酒公府茫酒毫档 秦冈阑扼搁 龋胶炮啊具百绰单?[6]  ","具捣  ","04.28"
"屈甸 9冠 11老 悼蜡反 眠玫粱[10]  ","捞具酒酒(121.154)  ","04.28"
"扁郴荐拳拱 咀眉幅 龙巩粱  ","しし(58.121)  ","04.28"
"困矫后 厚搅茄芭 构乐澜?  ","しし(210.204)  ","04.28"
"蜡饭老菩胶[6]  ","蜡反(175.195)  ","04.28"
"盒疙洒 府胶唱 坊飘 磊悼瞒肺 咯青窍搁 俺糊技绊 绊积且芭 环洒 焊捞绰单[7]  ","畴固匙公  ","04.28"
"咙盒角 磊林窍搁 啊规阑 狼缴秦扼  ","%20しし(92.194)  ","04.28"
"咀眉淬酒啊绰芭 瘤欺归档 凳??[3]  ","しし(77.99)  ","04.28"
"胶困胶 己荐扁扼档  龋炮 20父盔 固父栏肺 劈闷绰单[3]  ","%20しし(92.194)  ","04.28"
"2父楼府 硅磐府 粮唱霸 面傈救登匙俊つつつつつ[1]  ","龋捞绰笛府  ","04.28"
"揪惯 25府磐 硅扯栏肺 茄崔 蜡反 啊瓷窍衬[4]  ","しし(220.83)  ","04.28"
"胶困胶 距贸规 罐酒夯 荤恩??[6]  ","GR2  ","04.28"
"概老 甸绊促聪绰啊规 绢蠢沥档 农扁咯具凳?[2]  ","しし(39.122)  ","04.28"
"内福萍唱 淬其檬 啊妨绊 滚胶 抗距 窍妨绰单[5]  ","しし(223.62)  ","04.28"
"颇府 2冠 3老 啊绰单 孤瘤决菩胶 荤具瞪鳖?[2]  ","ししし(222.232)  ","04.28"
"厚青扁 萍南 炼攫 绊付况  ","纳荤叼具  ","04.28"
"康惫 败匡俊啊搁 捞惠?[5]  ","具捣  ","04.28"
"柳楼柳楼 胶困胶 啊绊酵菌绰单[5]  ","しし(211.36)  ","04.28"
"胶困胶 厚青扁[9]  ","纳荤叼具  ","04.28"
"悼青 备且 锭 扁夯 概呈父 瘤虐搁 登绰单...[4]  ","海聪导(195.77)  ","04.28"
"盔贰 蜡缴 5扁啊楼府 2父盔沥档 窍衬?[2]  ","ししし(222.232)  ","04.27"
"枚档咯青俊辑 磊悼瞒咯青栏肺 官曹鳖窍绰俊 绢痘嚼聪鳖??[13]  ","畴固匙公  ","04.27"
"府克 1冠 + 救矫2冠 +叼辆1冠 vs 府克2冠 + 救矫1冠 +叼辆1冠[4]  ","单固辣  ","04.27"
"具捣 历芭 厩己 肚扼捞聪鳖 公矫秦扼[8]  ","しし(110.70)  ","04.27"
"己荐扁 槛家 啊拜 俺畴翠捞匙 固模[21]  ","具捣  ","04.27"
"厚鸥飞窍绰 绢弊肺啊 篮辟 乐匙[6]  ","具捣  ","04.27"
"绢蠢何盒捞 力老 塞甸芭鞍畴?[17]  ","しし(211.36)  ","04.27"
"咯青内胶 1瞒累己 痢八夸没钦聪促 胶困胶 7~8岿[20]  ","具捣  ","04.27"
"36老啊绰单 捣捞[2]  ","しし(117.111)  ","04.27"
"咯青 内胶 茄锅父 毫拎[7]  ","纳荤叼具  ","04.27"
"胶困胶,橇尔胶 8岿俊啊档 捞惠?[2]  ","具捣  ","04.27"
"厚浚唱 vs 惑飘 其抛福何福农 ?[2]  ","dd(210.96)  ","04.27"
"俺 噶且 酒俊肺敲肺飘 ...さげ 郴 咙[4]  ","弧措(84.16)  ","04.27"
"俩扼肚 肚 冈绊酵促[1]  ","风令峭  ","04.27"
"隔耳绰单 寇惫俊辑 瘤郴绰霸 登霸 胶飘饭胶罐匙[12]  ","しし(77.99)  ","04.27"
"蜡反率篮 焊烹 绢痘霸 咯青窍唱夸??[3]  ","畴固匙公  ","04.26"
"摹琴捞 酒聪绊 堪刘积变芭看匙...ぬぬ[18]  ","GR2  ","04.26"
"败匡蜡反 滴锅 秦好绰单 厘痢 利绢淋[2]  ","しし(117.111)  ","04.26"
"肺付 4老瞒 [1]  ","しし(79.7)  ","04.26"
"8岿 咯抚 惑飘其抛福,葛胶农官 朝揪 绢锭夸?[1]  ","酋疙悼瘤  ","04.26"
"蜡反 硅扯咯青啊绰单 畴飘合 鞘夸且鳖夸??[8]  ","畴固匙公  ","04.26"
"丛甸 背烹祈 抗距, 矫埃, 风飘 舅荐乐绰 聚 粱[4]  ","勒明_固  ","04.26"
"屈甸 老沥 炼攫粱[10]  ","しし(39.7)  ","04.26"
"风喉券傈 拳唱匙  ","付过家赤  ","04.26"
"海聪胶绰 迭 1冠2老捞搁 面盒窃[4]  ","しし(223.33)  ","04.26"
"俊歧啪 具版捞悔匙咯せせぁ[10]  ","しし(213.205)  ","04.26"
"海聪胶 3冠 4老 沥档搁 杭父窃?[4]  ","しし(211.246)  ","04.25"
"ぁづ匡蜡反 宝满疽带 扁撅乐绰 盒甸?[15]  ","しし(211.36)  ","04.25"
"葛肺内 龙巩粱[4]  ","しし(83.202)  ","04.25"
"促甸 茄档矫 扁霖 寇侥 割锅沥档肺 棱绊 抗魂芦?[9]  ","しし(211.36)  ","04.25"
"磊脚狼 ‘孺开荤’档 眶澜栏肺 铰拳矫挪 胶鸥绰?","款康磊","19.05.07"
"客 券铰矫埃 拌加临绢靛绰单 捞芭 啊瓷茄啊夸??[2]  ","GR2  ","04.25"
"牢磐扼乃 魂 救棵扼啊绰朝绰 构秦夸??[23]  ","GR2  ","04.25"
"屈甸 橇扼窍 -> 橇尔农仟福飘 捞悼 糊祭?[6]  ","しし(223.62)  ","04.25"
"根喉尔 寸老摹扁 啊瓷秦?[4]  ","しし(106.102)  ","04.25"
"捞繁吧 构扼何抚???[1]  ","しし(119.69)  ","04.25"
"硅扯咯青 蜡反 版厚 结霖促[10]  ","しし(94.62)  ","04.25"
"颇府俊辑 聪胶哎扼绰单 券厘茄促 粱 档客林扼  ","しし(59.22)  ","04.25"
"颇赴单 鞍捞 龋胶炮乐绰 酒历揪 呈公祈窍促.[1]  ","ぇいじぁ(185.33)  ","04.25"
"切盔促聪绰吧肺 流诀俊 切积 结档 凳??[1]  ","しし(77.99)  ","04.25"
"茄崔 蜡反 咯青 版厚 倔付唱 唱棵鳖?  ","しし(220.83)  ","04.25"
"茄崔咯青 券傈 倔付 秦哎瘤 眠玫粱 秦拎 ば[1]  ","しし(124.50)  ","04.25"
"刀老咯青  ","neruu  ","04.25"
"胶困胶 2林促赤吭绰单[2]  ","しし(125.183)  ","04.25"
"蜡尔 悼青 戒[7]  ","海聪导(2.152)  ","04.25"
"蜡反俊 鞍篮 拌谅 墨靛 2俺 甸绊 啊夸 ばばばば[3]  ","しし(220.83)  ","04.25"
"茄惫篮 观俊辑 构 荤芭唱 窍妨窍搁, 了促 加捞妨甸绊 巩力乐绊 捞烦?[2]  ","固墨郡05  ","04.24"
"繁带-颇府 敲腐胶滚胶饶扁[4]  ","しし(92.154)  ","04.24"
"胶其牢俊辑 付靛府靛.官福伎肺唱绰 怖 哎 巴 鞍篮单夸[8]  ","Siansian  ","04.24"
"扼捞攫俊绢鸥绊 轿霸 逞绢哎妨搁  ","しし(223.38)  ","04.24"
"康惫 公厚磊 6俺岿捞垒酒[2]  ","しし(223.38)  ","04.24"
"敲腐胶滚胶 坷贰鸥搁 塞惦?  ","ぞぞ(211.107)  ","04.24"
"颇府俊辑 冠拱包救啊搁 巩力乐衬?[4]  ","しし(213.205)  ","04.24"
"25老 4俺惫 vs 5俺惫[4]  ","しし(211.36)  ","04.24"
"阁技扼飘 哎芭搁 窍风 促  静绰霸 嘎瘤?[3]  ","しし(211.36)  ","04.24"
"250栏肺 悼蜡反 啊瓷?[8]  ","しし(211.194)  ","04.24"
"酒 さげ 且酱鸥飘啊绰单 官飘捞蕉俊辑 扁瞒 肋给沤せせ[2]  ","GR2  ","04.24"
"蜡反 4档矫 24老咯青 450父盔栏肺登摆瘤?[14]  ","しし(1.218)  ","04.24"
"眉内-刀老 6冠7老 且鳖夸 7冠8老 且鳖夸?[1]  ","眉内(202.14)  ","04.24"
"蜡反 硅扯咯青栏肺啊聪鳖 积阿焊促 腹捞 救靛匙[7]  ","しし(1.218)  ","04.24"
"官福伎肺唱 权版扁 钎 倔付沥档窃?? 10岿富俊[6]  ","しし(1.218)  ","04.24"
"400沥档搁 胶困胶-橇尔胶 哥磨沥档啊瓷?[3]  ","具捣  ","04.24"
"官捞俊弗 牢备 利篮单 绵备 肋窍绰 局甸 粮唱 唱坷绰芭 脚扁窍畴.  ","刨备酒饭胶  ","04.24"
"酒捞浇鄂靛 11岿 粱 喊肺牢霸[3]  ","GULFSTREAM  ","04.24"
"咯青瘤 眠玫粱夸[6]  ","具捣  ","04.24"
"捞呕府酒-胶困胶-橇尔胶 3崔 久啊瓷???[1]  ","しし(223.33)  ","04.24"
"胶颇霸萍 绢痘霸 秦冈绰芭烙??[10]  ","GR2  ","04.24"
"胶困胶俊辑 魂 窍唱父 哎 荐 乐促搁 绢叼啊具凳? [8]  ","しし(220.88)  ","04.24"
"唱档 鸥捞飘茄 老沥栏肺 促聪绊 酵促[2]  ","海聪导(2.152)  ","04.23"
"胶困胶 咯青 龙巩粱[7]  ","纳荤叼具  ","04.23"
"繁带栏肺 蜡反 酒促秉 檬楼啊 蠢长 蜡反 皑惑[1]  ","しし(92.40)  ","04.23"
"蜡反咯青 肯傈檬楼涝聪促.. 档客林技夸[6]  ","しし(211.36)  ","04.23"
"35冠 37老 桂扁哗绊 630捞搁 利寸?[2]  ","しし(211.246)  ","04.23"
"蜡反 28老沥档 癌聪促... 败匡枚 惫啊 眠玫粱夸ぬぬ  ","しし(211.36)  ","04.23"
"官福伎肺唱 疙家 眠玫粱[10]  ","しし(77.99)  ","04.23"
"繁带in牢单 风飘 粱 楼林扼[3]  ","しし(223.62)  ","04.23"
"骂氛谅 呕岸窃?[3]  ","しし(61.6)  ","04.23"
"颇府 胶困胶 刀老 啊绰单 流厘俊 急拱 且父茄霸 赣啊乐阑鳖夸?[11]  ","蜡赴捞(210.178)  ","04.23"
"刀老捞尔 橇尔胶 吝俊 绢掉 疵府绰霸唱澜[1]  ","しし(39.122)  ","04.23"
"酒捞浇鄂靛 11岿 绢抖  ","具捣  ","04.23"
"繁带 技牢飘弃己寸  ","しし(213.205)  ","04.23"
"磊脚狼 ‘孺开荤’档 眶澜栏肺 铰拳矫挪 胶鸥绰?","款康磊","19.05.07"
"警国 蜡反 咐笼 媚焊聪鳖 鉴 擒滚芭笼捞匙[6]  ","しし(220.83)  ","04.23"
"蜡反俊辑 摹琴距 构荤具登夸??[7]  ","GR2  ","04.23"
"蜡反咯青啊绰芭 犁拐唱夸?[7]  ","しし(119.204)  ","04.23"
"繁带 擒滚芭眠玫[5]  ","しし(109.170)  ","04.23"
"秦寇咯青且锭 庆绢付胶农(飘府飘刚飘) 鞘荐咯...  ","Zenki(77.65)  ","04.23"
"扁粮拌谅肺 秦寇搬力墨靛 父甸绢档 凳?[2]  ","しし(220.83)  ","04.23"
"康惫焊促 橇尔胶啊 咯己利牢捞蜡啊 葛烙?  ","しし(59.7)  ","04.22"
"辟单 恐 悼蜡反 3惫捞 眉内-坷胶飘府酒-请啊府衬[7]  ","しし(211.63)  ","04.22"
"蜡反棵锭 klm 1雀 版蜡看绰单 牡浇登辑[4]  ","GR2  ","04.22"
"蜡尔篮 捞秦秦拎具瘤[2]  ","しし(104.236)  ","04.22"
"蜡尔风飘(标惯风飘) 例措 蝶扼窍瘤付扼. 牢沥?[9]  ","しし(211.63)  ","04.22"
"捣绝绊 矫埃腹篮 咯青磊牢单 炉柄亲傍绢抖?[7]  ","しし(223.39)  ","04.22"
"流亲鸥促啊 捞力 版蜡档 鸥杭鳖 积阿窃[6]  ","しし(211.63)  ","04.22"
"空汗 厚青扁蔼俊 140父盔 敬 龋备啊 乐促?[6]  ","しし(39.7)  ","04.22"
"炉柄亲傍 呕父秦? 绢痘衬[2]  ","しし(125.181)  ","04.22"
"颇府 炉柄悼规亲傍鸥绊 啊夯货尝乐衬[6]  ","しし(125.181)  ","04.22"
"官福伎肺唱 瘤败况辑 胶困胶 埃促  ","海聪导(195.77)  ","04.22"
"技红矫胶磐令 亮促[1]  ","しし(213.205)  ","04.22"
"瘤陛 繁带 朝揪俺亮澜   ","しし(213.205)  ","04.22"
"龋胶炮 去己 6牢角牢单[7]  ","GR2  ","04.22"
"蜡反 5-6岿 朝揪绰 绢抖?[1]  ","しし(223.38)  ","04.22"
"技岿龋 切混苞 胶府尔墨 曼荤啊 葛滴 澜仿 3岿17老 666 厩付狼 荐  ","绊惯磊  ","04.22"
"8岿俊 橇尔胶 巢何 腹捞 歹框?[2]  ","褥(223.62)  ","04.21"
"繁带 龋胶炮 盔贰 17颇款靛 捞沥档窃?[1]  ","しし(223.62)  ","04.21"
"骂氛屈丛 呕岸窍继唱 风飘毫临荤恩 [4]  ","しし(125.181)  ","04.21"
"春垮 vs 胶困胶 vs 掸付农 绢叼啊 歹 拱啊芒纺?[3]  ","しし(125.181)  ","04.21"
"救矫 2冠窍搁辑 辟背 啊杭镑 绝衬?[4]  ","しし(125.181)  ","04.21"
"蜡反俊 叭扁辨捞 酒林 腹篮单 蜡刀 魂萍酒绊啊 蜡疙技掘篮 捞蜡啊 构衬[2]  ","しし(223.39)  ","04.21"
"磐虐啊 粮唱 动扁匙[2]  ","%20 ししし(106.241)  ","04.21"
"靛叼绢 亲傍祈 萍南 惶疽促[2]  ","勒明_固  ","04.21"
"7~8岿 鉴肥辨 倒 荐 乐衬?[5]  ","しし(223.62)  ","04.21"
"蜡反哎锭 渴 救荤档 登瘤?[4]  ","しし(223.62)  ","04.21"
"某府绢 救俊 某府绢 持栏搁 1某府绢肺 牢沥凳?[8]  ","しし(223.62)  ","04.21"
"酒 さげ 瘤癌酪绢滚覆[1]  ","ぇいじぁ(94.197)  ","04.21"
"喉扼叼焊胶佩 哎父窃? 哎鳖富鳖[5]  ","しし(175.223)  ","04.21"
"刀老 5技 固父 绢赴捞 吝 寇惫牢 厚啦捞 40%牢 芭 酒畴?[1]  ","しし(1.252)  ","04.21"
"唱 捞锅咯抚俊 捞呕府酒 啊绰单[7]  ","しし(39.7)  ","04.20"
"倒肺固萍 啊夯霸 国结 5斥傈捞匙[2]  ","%20 ししし(112.184)  ","04.20"
"流厘 促聪绰荤恩篮 秦寇咯青 攫力皑?[9]  ","しし(175.223)  ","04.20"
"胶困胶 肚啊绊 酵篮单 厚轿辑 巩力烙[9]  ","楷全访林  ","04.20"
"匙寂澄瘤坷弊贰侨 焊绰单  ","Pasmoo(182.216)  ","04.20"
"家概摹扁啊 漠鳖瘤 靖?? 漠鳖瘤绰 救静瘤??[8]  ","しし(58.121)  ","04.20"
"颇府历放捞 槛家 茫栏搁 捞厚胶(ibis) 龋炮 宝满促.[3]  ","%20しし(46.114)  ","04.20"
"繁带 1冠 17000档固配府 ぁず匙[4]  ","しし(62.60)  ","04.20"
"咯扁 橇尔农仟福飘 啊绰 岸矾甸乐衬?[1]  ","ぉぉ(193.52)  ","04.20"
"胶其牢 咯青 啊绰单 蜡缴 眠玫粱....[4]  ","炔瘤盔  ","04.19"
"繁带ぱ颇府 蜡肺胶鸥 乐垒酒  ","しし(223.62)  ","04.19"
"澜侥 付飘俊辑 荤辑 冈栏妨绰单[4]  ","しし(223.62)  ","04.19"
"胶困胶尔 炼瘤酒尔 蠢肠 厚搅窍衬?[1]  ","しし(39.7)  ","04.19"
"弊成 静绰 蜡反狼 槛家 厚背.txt[10]  ","しし(220.93)  ","04.19"
"磊脚狼 ‘孺开荤’档 眶澜栏肺 铰拳矫挪 胶鸥绰?","款康磊","19.05.07"
"茄惫巢磊 20措绰 焙措 锭巩俊 档固配府档 喊 阂祈 绝瘤 臼衬[7]  ","しし(220.119)  ","04.19"
"蜡反 厚荐扁 龋胶炮 4父盔钠啊瓷?[17]  ","しし(1.218)  ","04.19"
"俊电滚矾 8岿俊啊绰单 绵力扁埃捞匙   ","しし(223.62)  ","04.19"
"龋阂龋 哎府绰 矾矫酒 咯磊[3]  ","漏(211.226)  ","04.19"
"繁带牢 颇府酒眶牢单 悼急 龙巩 粱[1]  ","矮孺快傣林  ","04.19"
"弃鄂靛 宏肺明客橇 茄惫晨货 唱辑 馆啊况夸[5]  ","Zenki(90.156)  ","04.19"
"犬角洒 茄惫捞 捣父 腹栏搁 祈茄镑捞变 窍歹扼[11]  ","しし(77.99)  ","04.19"
"丛甸 325父盔捞搁 胶困胶 磊蜡咯青 哥磨码啊瓷窃[7]  ","具捣  ","04.19"
"快林狼 7啊瘤 磊楷过蘑  ","しし(49.1)  ","04.19"
"具 胶困胶 7老菩虐瘤 倔付沥档楼府啊搁 舅蛮菩虐瘤衬[2]  ","しし(183.107)  ","04.18"
"骂氛谅丛 酒抗 啊滚府继匙[3]  ","しし(165.84)  ","04.18"
"蜡反咯青 2林 饶扁 part2[5]  ","备酒唱.  ","04.18"
"繁带 颇府 咯青饶扁[3]  ","备酒唱.  ","04.18"
"蜡反局甸篮 利陛,眉农墨靛 俺充捞 绝唱??[3]  ","しし(77.99)  ","04.18"
"具 胶困胶绰 给哎瘤档葛福百绰单 咯青瘤 眠玫粱[9]  ","具捣  ","04.18"
"技牢飘弃己寸 吭绰单[2]  ","ぇいじぁ(92.40)  ","04.18"
"丑蛆厚磊眉农墨靛 父甸 扒单 烹厘档 蝶肺 父甸绢具凳?[1]  ","しし(220.83)  ","04.18"
"丛甸 捞沥档搁 蜡反咯青 抗魂 登摆澜?[6]  ","しし(1.218)  ","04.18"
"靛叼绢癌聪促 繁-带[4/1]  ","しし(223.62)  ","04.18"
"窍捞罚靛捧绢 啊夯 荤恩甸乐澜...??? 酒聪搁 酒公 捧绢唱 弥家1冠秦夯盒[4]  ","しし(223.38)  ","04.18"
"付抛龋弗捞尔 根喉尔捞尔 盒困扁 腹捞 般魔?[1]  ","しし(106.102)  ","04.18"
"茄惫牢捞 阂过眉幅窍绰 版快啊 腹唱??[1]  ","しし(77.99)  ","04.18"
"辑匡捞 咯青窍扁 亮篮 档矫牢啊??[12]  ","しし(220.93)  ","04.17"
"10岿俊 蜡反俊辑 窜浅焊绊酵篮单 绢叼啊具凳?  ","ぁぇ(175.209)  ","04.17"
"快府唱扼绰 恐弊犯霸 橇尔胶甫 饺绢窍衬?[10]  ","しし(117.111)  ","04.17"
"趁沥窍霸 茄惫包堡 牢橇扼 绢蠢沥档衬[10]  ","肯尔捞  ","04.17"
"海飘巢亲傍 券铰龙巩[2]  ","しし(211.36)  ","04.17"
"辟措 割老傈俊 颇府俊 乐菌绰单[9]  ","GR2  ","04.17"
"刀老篮 咯青父 蝶瘤搁 蜡反狼 茄惫 鞍篮 唱扼烙[4]  ","しし(203.226)  ","04.17"
"青丛甸 巢橇尔胶啊绰单[1]  ","しし(117.111)  ","04.17"
"酒 阂眉窍绊酵促[1]  ","しし(223.62)  ","04.17"
"咯青风飘 犬沥 顶 顶  ","单固辣  ","04.17"
"唱 捞力 构秦具登衬?[2]  ","しし(117.111)  ","04.17"
"刀老篮 富捞 烹窍磊呈[3]  ","ratatnatt(42.126)  ","04.17"
"蜡饭老菩胶 康惫 器窃灯垒酒?  ","ぇいじぁ(175.223)  ","04.17"
"捞呕府酒 哗绊 刀老 啊绰单 恐促甸 刀老 畴离捞扼窍衬[5]  ","しし(39.122)  ","04.17"
"栏 桂扁 抗概秦具登绰单 俺绿府匙[2]  ","しし(1.212)  ","04.17"
"免惯捞具[2]  ","ぇいじぁ(175.223)  ","04.17"
"骇扁俊2冠 匙代鄂靛2冠捞搁 面盒窃??[3]  ","しし(223.38)  ","04.17"
"酒贰 酱丑家具 捧福俊辑 泅瘤捧绢啊扼  ","しし(175.223)  ","04.17"
"蜡反局甸 啊规 购瘤 酒绰荤恩??[2]  ","しし(176.12)  ","04.17"
"酒聪 傲 刀老篮 啊瘤付 ぉし[2]  ","しし(223.39)  ","04.17"
"康惫 繁带焊促 橇尔胶 颇府啊 巩拳档矫肺 蜡疙茄捞蜡啊 葛烙?  ","しし(59.7)  ","04.17"
"咯抚俊 啊搁 蜡反咯磊甸 个概 皑惑档 俺曹[3]  ","しし(110.70)  ","04.16"
"瘤抄 秦 咯抚 嘛篮 畴飘福淬  ","しし(211.36)  ","04.16"
"惫力切积刘 曹屏 霖促[1]  ","Pasmoo(182.216)  ","04.16"
"蜡反篮 咯抚俊 啊具窍绰 捞蜡. しぁぉし[12]  ","しし(110.70)  ","04.16"
"畴飘福淬狼 才眠俊辑 阂鸥带 己寸档 畴飘福淬己寸 嘎澜?[1]  ","しし(223.62)  ","04.16"
"焊烹 厚青扁 钎 攫力 谗衬...[10]  ","勒明_固  ","04.16"
"海甫赴 vs 估穷 怖 茄 档矫俊父 哎 荐 乐促搁?[5]  ","しし(211.36)  ","04.16"
"磊脚狼 ‘孺开荤’档 眶澜栏肺 铰拳矫挪 胶鸥绰?","款康磊","19.05.07"
"颇府父 茄 2林 乐绰芭 喊沸啊[3]  ","しし(211.36)  ","04.16"
"聪胶 俺喊肺看绰淡  ","しし(61.98)  ","04.16"
"骇扁俊俊辑 笼矫货尝甸捞 14蜡肺楼府 钙林 柄冈绊 脾菌澜[5]  ","CLE≠N(117.111)  ","04.16"
"胶其牢 付靛府靛俊辑 2.5老 构且鳖[4]  ","しし(223.62)  ","04.16"
"败匡 蜡反篮 绢抖???[7]  ","しし(58.121)  ","04.16"
"畴飘福淬 被捞 救毫档 等促[1]  ","%20 ししし(106.241)  ","04.16"
"畴飘福淬 攫力何磐 啊覆阜摹绊 焊荐傍荤 甸绢哎鳖?  ","しし(124.50)  ","04.16"
"海福荤蜡芭福绊 浆丑家 寸老摹扁窍搁 捍脚捞瘤?[2]  ","しし(1.218)  ","04.16"
"蜡反 桂扁钎 或促 + 老沥[2]  ","しし(175.223)  ","04.16"
"霉 蜡反咯青 啊扁 傈 绒措迄 官操妨绊 窍绰单[2]  ","しし(220.83)  ","04.16"
"阂藕 畴飘福淬 柳楼 弧府 焊搁 杭荐废 俺曹牢淀[2]  ","しし(110.70)  ","04.16"
"棵檬 传郴赴 狐府 弊府绊 畴,,  ","%20しし(39.7)  ","04.16"
"さげ 颇府 啊绰单 梆 .....[2]  ","ししし(115.23)  ","04.16"
"胶其牢捞尔 捞呕府酒艾阑锭 篮辟 扁盒惑沁带芭[3]  ","しし(14.40)  ","04.16"
"翠函 何殴靛赋聪促.[2]  ","しぁけじ(175.223)  ","04.16"
"颇府 咯青 哎积阿捞看绰单...[7]  ","しし(110.70)  ","04.16"
"酒 弊成 颇府9老 府克3老 官福伎肺唱8老啊具摆促[1]  ","しし(1.218)  ","04.16"
"档撵尔 繁带 吝 绢叼 瘤窍枚捞 歹 鸥扁 绢妨框?[6]  ","しし(223.62)  ","04.16"
"畴飘福淬 郴何(流嘛)  ","%20 ししし(112.184)  ","04.16"
"畴飘福淬 己寸阑 眠撅窍哥[1]  ","しし(183.103)  ","04.16"
"辨模单 去磊 蜡反咯青啊搁 量凳?[8]  ","しし(223.38)  ","04.16"
"さげ 畴飘福淬 阂さげさげ[4]  ","しし(211.36)  ","04.16"
"凯殿茄 巢措巩捞尔 顿绢抄 畴飘福淬窍绊 厚背啊.登衬?[5]  ","しし(110.13)  ","04.16"
"辑匡 愁矾哎锭牢 绢副利  ","秦窍  ","04.16"
"矾矫酒牢茄抛 荤柳 嘛绢崔扼窍搁[4]  ","しし(121.147)  ","04.16"
"坷疵 唱 畴飘福淬 唱坷绊 1矫埃馆 第俊 阂车歹扼さげ[2]  ","しし(85.255)  ","04.16"
"模备尝府 咯青啊绰扒 菩虐瘤蝶扼啊绰霸 翠牢芭鞍促しし[2]  ","しし(122.47)  ","04.16"
"畴撇淬 贺鲍 俺面拜捞促[3]  ","客居农居  ","04.16"
"橇尔胶,胶其牢咯青[1]  ","8.13(211.220)  ","04.16"
"颇府 畴撇淬 措己寸 阂鸥绊 乐匙[6]  ","伙钙辆  ","04.16"
"老沥毫林技夸 力惯 [2]  ","しし(223.38)  ","04.16"
"抄 咯青啊搁 逛蔼 酒偿锭 付飘唱 祈狼痢栏肺 促锭框[6]  ","具捣  ","04.16"
"抄 咯青 啊搁 窍风 茄尝+啊涵款埃侥 父 冈澜[1]  ","しし(39.122)  ","04.15"
"粮唱 啊抄窍搁 咯青 啊辑 捞犯霸 尝聪 锭况具 等促[4]  ","しし(183.103)  ","04.15"
"去磊 咯青 啊搁 荤柳嘛绢临 荤恩 绝绰霸 粱[8]  ","しし(39.122)  ","04.15"
"7~8岿包堡 饶 鉴肥辨 吧栏妨绰 荤恩牢单[2]  ","しし(223.62)  ","04.15"
"蜡反 去磊 咯青啊搁 ぉし 绢叼辑 构 冈绢具且瘤 葛福摆带单[7]  ","CLE≠N(222.112)  ","04.15"
"厚青扁 + 槛冠 +档矫埃捞悼 背烹  ","秦窍  ","04.15"
"蜡反鳖瘤 咯青啊辑 纳逛捞尔 付飘俊辑 秦冈扁父 且波搁 救啊绰霸 [11]  ","しし(61.84)  ","04.15"
"龋炮 啊拜篮 函悼窃  ","海聪导(2.139)  ","04.15"
"橇尔胶 家档矫甸 眠玫粱秦拎[4]  ","单固辣  ","04.15"
"模备尔 咯青 鞍捞啊辑 救轿快绰 规过[6]  ","CLE≠N(211.36)  ","04.15"
"胶困胶 啊妨绊窍绰单[5]  ","单固辣  ","04.15"
"量鞍促 揪惯 厚青扁 抗距 初闷匙[1]  ","勒明固  ","04.15"
"捧绢鞍篮扒 去磊 曼啊窍聪鳖 缴缴窍变窍歹扼[2]  ","肯尔捞  ","04.15"
"盖眉胶磐 绵备葛福搁 哎 鞘夸 绝嚼聪鳖??[1]  ","しし(39.122)  ","04.15"
"捻虐 眠利栏肺 啊拜 棵赴促绰芭 备扼嘎衬?[3]  ","肯尔捞  ","04.15"
"霉 咯青牢单 厚青扁 钎 谗绰芭 呈公 糊技促[7]  ","勒明固  ","04.15"
"刮胶农尔 官福箕官 咯青 咯厚 拌魂 档客临 荐 乐澜?[4]  ","しし(117.111)  ","04.15"
"根积固伎父 杭 积阿牢单 捧绢 怖 脚没秦具窍唱夸?[3]  ","YY(211.198)  ","04.15"
"磊脚狼 ‘孺开荤’档 眶澜栏肺 铰拳矫挪 胶鸥绰?","款康磊","19.05.07"
"肺刨海福农 vs 胶飘扼胶何福 绢叼哎鳖?[1]  ","しぉぞ(168.131)  ","04.15"
"蜡缴 够肺 荤绰霸 亮衬?[2]  ","しし(223.38)  ","04.15"
"蜡反 咯青 33老 咯抚 老沥粱 毫林技夸!! 贸澜涝聪促 ば[12]  ","YY(211.198)  ","04.15"
"啊练尝府 蜡反咯青   ","%20しし(39.7)  ","04.15"
"靛叼绢 郴老葛贰 免惯捞促.[3]  ","ぇいじぁ(59.27)  ","04.15"
"老夯辑 好带 茄惫酒犁[1]  ","しし(211.178)  ","04.15"
"7岿俊 7冠 8老 刀老啊绰淡 せせ 风飘 眠玫粱 秦拎 屈甸![1]  ","しぉぞ(223.33)  ","04.15"
"关俊臂 370栏肺 30老阑 绢纳焊郴衬??[3]  ","しし(223.39)  ","04.15"
"具 200栏肺档 蜡反 弥家 4老捞惑 哎荐勒衬[5]  ","具捣  ","04.15"
"傍亲俊辑 1雀 券铰且 锭 12矫埃阑 措扁鸥扼绰霸[4]  ","勒明固  ","04.15"
"2斥父俊 顶尼鸥绊 茄惫 吭绰单[3]  ","しし(1.243)  ","04.15"
"春垮 废歧矾季磐/骏颇捞绢胶抛捞飘 呼爹 傈噶措 厚背康惑  ","しし(1.235)  ","04.15"
"傈开 扁充栏肺 蜡反 促赤坷扼绊 370父盔 罐疽嚼聪促 31老 皑[14]  ","しし(110.70)  ","04.14"
"磊扁傈俊 静绰 蜡反 背券切积 戒.txt[2]  ","畴硅  ","04.14"
"胶呕赴 畴飘扼绊 悼辑刀 烹老 救 乐菌绰单, 酒单唱况啊 芭何秦辑.[1]  ","固畴风  ","04.14"
"酒公府 惑措啊 刚历 鸥寸茄 荤蜡 绝捞 急阑 逞绢档, 惑彼甫 哈绢抄 攫悼阑[2]  ","固畴风  ","04.14"
"具 捍脚绝绰 蜡反咯青岸矾府绝澜?[4]  ","しし(221.142)  ","04.14"
"蜡反 空炼, 焙林 捞绢瘤绰芭 漂捞窍匙;[1]  ","固畴风  ","04.14"
"2瞒措傈 饶俊 刀老 官捞俊弗, 橇肺捞季 盒府 矫闹绢具 寝澜. しぁぉし.  ","固畴风  ","04.14"
"缴缴秦辑 酒捞浇鄂靛 菩虐瘤窃 茫酒焊聪 啊拜 饶代代窍匙  ","具捣  ","04.14"
"30老 蜡反咯青 版厚 焊烹捞衬??[3]  ","しし(1.246)  ","04.14"
"牢磐扼乃 档固配府 构衬[3]  ","しし(178.197)  ","04.14"
"1老2魂档 啊瓷茄单[3]  ","CLE≠N(211.36)  ","04.14"
"骇扁俊 坷瘤付技夸[23]  ","GR2  ","04.14"
"颇府 秦魂拱侥寸 咐笼 构乐澜?[1]  ","%20しし(223.62)  ","04.14"
"酒 柳楼 粮唱 固俺窍匙[2]  ","しし(211.246)  ","04.14"
"橇尔农仟福飘俊辑 窍风  ","じじし(39.7)  ","04.14"
"救崇 屈甸 老沥 粱 拱绢杭膊[3]  ","しし(118.46)  ","04.14"
"酒 空狼坷贾辨,弊扼唱促泵傈 促 概柳捞匙..[1]  ","しし(183.101)  ","04.14"
"橇尔胶啊 碍措惫烙 康惫捞 碍措惫烙?[2]  ","しし(14.38)  ","04.14"
"颇府 槛冠丰 久坷瘤匙;;[4]  ","しし(14.40)  ","04.14"
"胶其牢 快俊胶墨 啊夯 荤恩?  ","海聪导(195.76)  ","04.14"
"胶困胶 朝 捍脚捞搁 快楼畴?[8]  ","しし(211.36)  ","04.14"
"蜡反 啊辑 弊成 槛家 寸老 抗距窍绊 促赤档 凳?[4]  ","しし(220.83)  ","04.13"
"胶困胶 1老 1魂 恐 给窃? 面盒洒 啊瓷茄单[1]  ","しし(175.223)  ","04.13"
"唱 蜡反咯青 去磊啊绰单 搬惫 措档矫困林肺啊扁肺窃[7]  ","しし(223.33)  ","04.13"
"具 历锅俊 捞胶藕阂 艾带 仇牢单[1]  ","龋费费肺  ","04.13"
"老沥痢 毫林技堪[11]  ","单固辣  ","04.13"
"咯青霖厚窍促啊 俺糊促 警国[1]  ","しし(220.83)  ","04.13"
"屈甸 内胶粱 毫a[16]  ","しし(223.62)  ","04.13"
"鉴肥磊狼 辨捞 ぉし 芭前捞扼 积阿窃..[4]  ","しし(39.7)  ","04.13"
"唱康籍 粮唱 饺瘤 臼衬?  ","扼焙(59.16)  ","04.13"
"历啊亲傍  ","Ryu(211.36)  ","04.13"
"屈甸 胶困胶 咯青 去磊 啊档 炒硅靛且鳖?[2]  ","しし(117.111)  ","04.13"
"酒 绢掉啊具且瘤 葛福摆绢;;[4]  ","单固辣  ","04.13"
"弊府胶 vs 磐虐[2]  ","しし(121.155)  ","04.13"
"咯扁 绢凋临 酒绰 岸矾乐澜???[3]  ","しし(211.246)  ","04.13"
"橇仟 牢 繁带 酒眶 内胶粱 毫拎 屈甸 ぬ_ぬ[10]  ","しし(61.72)  ","04.12"
"屈甸 蜡反俊辑 绒剧格利栏肺 啊绰镑捞 绢叼烙?[11]  ","しし(61.4)  ","04.12"
"Sk牢单 咯青 栋唱扁傈俊 迄 绢痘霸 秦初绊 栋唱?[5]  ","しし(223.62)  ","04.12"
